{"cameraMode":{"drawMode":0,"name":"Shaded","section":"Shading Mode"},"sceneLighting":true,"audioPlay":false,"sceneViewState":{"showFog":true,"showMaterialUpdate":false,"showSkybox":false,"showFlares":true,"showImageEffects":true,"showParticleSystems":true,"showVisualEffectGraphs":true,"m_FxEnabled":true},"in2DMode":false,"pivot":{"x":9.100000381469727,"y":2.1680655479431154,"z":-7.399999618530273},"rotation":{"x":-0.11188756674528122,"y":-0.024644477292895318,"z":0.0010279776761308313,"w":-0.9926019310951233},"size":3.03188419342041,"orthographic":false}