{"cameraMode":{"drawMode":0,"name":"Shaded","section":"Shading Mode"},"sceneLighting":true,"audioPlay":false,"sceneViewState":{"showFog":true,"showMaterialUpdate":false,"showSkybox":false,"showFlares":true,"showImageEffects":true,"showParticleSystems":true,"showVisualEffectGraphs":true,"m_FxEnabled":true},"in2DMode":false,"pivot":{"x":8.714030265808106,"y":-0.03634258359670639,"z":-9.21697998046875},"rotation":{"x":-0.0038446313701570036,"y":-0.9775400757789612,"z":0.2065040022134781,"w":-0.009577617049217224},"size":3.9318840503692629,"orthographic":false}