{"cameraMode":{"drawMode":0,"name":"Shaded","section":"Shading Mode"},"sceneLighting":true,"audioPlay":false,"sceneViewState":{"showFog":true,"showMaterialUpdate":false,"showSkybox":false,"showFlares":true,"showImageEffects":true,"showParticleSystems":true,"showVisualEffectGraphs":true,"m_FxEnabled":true},"in2DMode":false,"pivot":{"x":2.2319629192352297,"y":2.5553951263427736,"z":-7.475562572479248},"rotation":{"x":0.005052018910646439,"y":0.07313764095306397,"z":0.016866615042090417,"w":-0.9948084950447083},"size":0.1321803778409958,"orthographic":false}