{"cameraMode":{"drawMode":0,"name":"Shaded","section":"Shading Mode"},"sceneLighting":true,"audioPlay":false,"sceneViewState":{"showFog":true,"showMaterialUpdate":false,"showSkybox":false,"showFlares":true,"showImageEffects":true,"showParticleSystems":true,"showVisualEffectGraphs":true,"m_FxEnabled":true},"in2DMode":false,"pivot":{"x":8.498198509216309,"y":2.448519706726074,"z":-4.596816539764404},"rotation":{"x":-0.00003921432653442025,"y":-0.9849117994308472,"z":0.16830448806285859,"w":0.01539608184248209},"size":0.00866045244038105,"orthographic":false}