{"cameraMode":{"drawMode":0,"name":"Shaded","section":"Shading Mode"},"sceneLighting":true,"audioPlay":false,"sceneViewState":{"showFog":true,"showMaterialUpdate":false,"showSkybox":false,"showFlares":true,"showImageEffects":true,"showParticleSystems":true,"showVisualEffectGraphs":true,"m_FxEnabled":true},"in2DMode":false,"pivot":{"x":2.7022247314453127,"y":4.118308067321777,"z":-10.891609191894532},"rotation":{"x":-0.12350818514823914,"y":-0.6530447006225586,"z":0.12295114994049072,"w":-0.7347485423088074},"size":0.017320767045021058,"orthographic":false}