{"cameraMode":{"drawMode":0,"name":"Shaded","section":"Shading Mode"},"sceneLighting":true,"audioPlay":false,"sceneViewState":{"showFog":true,"showMaterialUpdate":false,"showSkybox":false,"showFlares":true,"showImageEffects":true,"showParticleSystems":true,"showVisualEffectGraphs":true,"m_FxEnabled":true},"in2DMode":false,"pivot":{"x":3.1177120208740236,"y":3.7322933673858644,"z":-7.963064670562744},"rotation":{"x":-0.13572733104228974,"y":-0.7007518410682678,"z":0.15376637876033784,"w":-0.6808586716651917},"size":0.017320767045021058,"orthographic":false}