{"cameraMode":{"drawMode":0,"name":"Shaded","section":"Shading Mode"},"sceneLighting":false,"audioPlay":false,"sceneViewState":{"showFog":true,"showMaterialUpdate":false,"showSkybox":false,"showFlares":true,"showImageEffects":true,"showParticleSystems":true,"showVisualEffectGraphs":true,"m_FxEnabled":true},"in2DMode":false,"pivot":{"x":7.7157464027404789,"y":0.0013115740148350597,"z":-33.3426399230957},"rotation":{"x":0.01700432598590851,"y":0.9659200310707092,"z":-0.11678090691566467,"w":0.22019833326339723},"size":0.09731612354516983,"orthographic":false}