{"cameraMode":{"drawMode":0,"name":"Shaded","section":"Shading Mode"},"sceneLighting":true,"audioPlay":false,"sceneViewState":{"showFog":true,"showMaterialUpdate":false,"showSkybox":true,"showFlares":true,"showImageEffects":true,"showParticleSystems":true,"showVisualEffectGraphs":true,"m_FxEnabled":true},"in2DMode":false,"pivot":{"x":310.6452941894531,"y":312.70928955078127,"z":-283.0235900878906},"rotation":{"x":-0.10650932788848877,"y":0.46602416038513186,"z":0.05161071568727493,"w":0.8744785785675049},"size":14.527456283569336,"orthographic":false}