{"cameraMode":{"drawMode":0,"name":"Shaded","section":"Shading Mode"},"sceneLighting":true,"audioPlay":false,"sceneViewState":{"showFog":true,"showMaterialUpdate":false,"showSkybox":true,"showFlares":true,"showImageEffects":true,"showParticleSystems":true,"showVisualEffectGraphs":true,"m_FxEnabled":true},"in2DMode":false,"pivot":{"x":7.3851752281188969,"y":4.7340240478515629,"z":-14.441848754882813},"rotation":{"x":0.20202898979187013,"y":0.014319789595901966,"z":-0.003634688211604953,"w":0.9780515432357788},"size":0.13218045234680177,"orthographic":false}