{"cameraMode":{"drawMode":0,"name":"Shaded","section":"Shading Mode"},"sceneLighting":true,"audioPlay":false,"sceneViewState":{"showFog":true,"showMaterialUpdate":false,"showSkybox":true,"showFlares":true,"showImageEffects":true,"showParticleSystems":true,"showVisualEffectGraphs":true,"m_FxEnabled":true},"in2DMode":false,"pivot":{"x":3.4507155418395998,"y":-1.0378977060317994,"z":-2.2439780235290529},"rotation":{"x":0.277482807636261,"y":-0.0011374562745913864,"z":-0.0046098255552351479,"w":0.958828866481781},"size":5.228538513183594,"orthographic":false}