{"cameraMode":{"drawMode":0,"name":"Shaded","section":"Shading Mode"},"sceneLighting":true,"audioPlay":false,"sceneViewState":{"showFog":true,"showMaterialUpdate":false,"showSkybox":false,"showFlares":true,"showImageEffects":true,"showParticleSystems":true,"showVisualEffectGraphs":true,"m_FxEnabled":true},"in2DMode":false,"pivot":{"x":5.702488422393799,"y":2.3610129356384279,"z":-7.364900588989258},"rotation":{"x":0.028288187459111215,"y":0.7089888453483582,"z":-0.029384300112724305,"w":0.7036058306694031},"size":1.8170361518859864,"orthographic":false}