{"cameraMode":{"drawMode":0,"name":"Shaded","section":"Shading Mode"},"sceneLighting":false,"audioPlay":false,"sceneViewState":{"showFog":true,"showMaterialUpdate":false,"showSkybox":false,"showFlares":true,"showImageEffects":true,"showParticleSystems":true,"showVisualEffectGraphs":true,"m_FxEnabled":true},"in2DMode":false,"pivot":{"x":-3.2821786403656008,"y":3.5145368576049806,"z":-7.341844081878662},"rotation":{"x":0.008643228560686112,"y":-0.6909953355789185,"z":-0.007874149829149247,"w":-0.7224633693695068},"size":0.6170352697372437,"orthographic":false}